{
  "buildCommand": "npm run build",
  "outputDirectory": "dist/public",
  "devCommand": "npm run dev",
  "installCommand": "npm install",
  "framework": null,
  "rewrites": [
    {
      "source": "/api/(.*)",
      "destination": "/api/$1"
    },
    {
      "source": "/(.*)",
      "destination": "/"
    }
  ],
  "headers": [
    {
      "source": "/(.*)",
      "headers": [
        {
          "key": "X-Content-Type-Options",
          "value": "nosniff"
        },
        {
          "key": "X-Frame-Options",
          "value": "DENY"
        },
        {
          "key": "X-XSS-Protection",
          "value": "1; mode=block"
        }
      ]
    },
    {
      "source": "/static/(.*)",
      "headers": [
        {
          "key": "Cache-Control",
          "value": "public, max-age=31536000, immutable"
        }
      ]
    }
  ]
}
